#,Name,Country,Nick,Points,GP_t2 points,GP_t2 rank. points,GP_t2 position,year,round
1.,Tantan Dai,China,SERENE,1015.7,1015.7,1015.7,1.,2025,2
2.,Yu Tianxiang,China,Yutx_GCS,979.3,979.3,979.3,2.,2025,2
3.,Hu Yuxuan Hu,China,huyuxuan,961.7,961.7,961.7,3.,2025,2
4.,Le Duo Yang,China,Sky Yang,923.7,923.7,923.7,4.,2025,2
5.,Tiit Vunk,Estonia,TiiT,911,911,911,5.,2025,2
6.,Prasanna Seshadri,India,prasanna16391,903.8,903.8,903.8,6.,2025,2
7.,Kota Morinishi,Japan,Kota,862.5,862.5,862.5,7.,2025,2
8.,Ken Endo,Japan,EKBM,860.5,860.5,860.5,8.,2025,2
9.,Zbigniew Zarzycki,Poland,antyp,849.8,849.8,849.8,9.,2025,2
10.,Takuya Sugimoto,Japan,sugitakukun,803.5,803.5,803.5,10.,2025,2
11.,Siyuan Luo,China,GGDumplings,803.2,803.2,803.2,11.,2025,2
12.,Letian Ming,China,Mike,795.2,795.2,795.2,12.,2025,2
13.,Suzhe QIU,China,ysbg123,786.9,786.9,786.9,13.,2025,2
14.,James Peter Peter,India,MavericksJD,769.3,769.3,769.3,14.,2025,2
15.,Vincent Bertrand,Belgium,,768.7,768.7,768.7,15.,2025,2
16.,Đức Chiến Nguyễn,Vietnam,NDChien2000,761.8,761.8,761.8,16.,2025,2
17.,Sumate Juariyamark,Thailand,MrLiang,755.2,755.2,755.2,17.,2025,2
18.,Zhenxin Gao,China,GreatZX,745.3,745.3,745.3,18.,2025,2
19.,zhonghua Huang,China,yangzhou,744.5,744.5,744.5,19.,2025,2
20.,黄明睿 Huang,China,MingruiHuang,738.7,738.7,738.7,20.,2025,2
#,Name,Country,Nick,Points,Points,Points,#,2025,2
21.,Don Wu,Taiwan,don3232,738.5,738.5,738.5,21.,2025,2
22.,Can Erturan,Turkey,Cane_Puzzles,736.3,736.3,736.3,22.,2025,2
23.,Weifan Wang,China,qw014052,734.5,734.5,734.5,23.,2025,2
24.,Tawan Sunathvanichkul,Thailand,,724.2,724.2,724.2,24.,2025,2
25.,Zhichao Li,China,Goldsand,720,720,720,25.,2025,2
26.,Chiel Beenhakker Beenhakker,Netherlands,bakpao,720,720,720,26.,2025,2
27.,Jan Mrozowski,Poland,janoslaw,705.1,705.1,705.1,27.,2025,2
28.,Christian König,Germany,CJK,699,699,699,28.,2025,2
29.,Jordyn Hyde,USA,,697,697,697,29.,2025,2
30.,Hideaki Jo,Japan,,683,683,683,30.,2025,2
31.,Khả Lê Minh,Vietnam,Lê Minh Khả,676,676,676,31.,2025,2
32.,Jan Vondruška,Czech Rep.,WTM,672.1,672.1,672.1,32.,2025,2
33.,Jakub Ondroušek,Czech Rep.,,672,672,672,33.,2025,2
34.,Martin Merker,Germany,MaM,671,671,671,34.,2025,2
35.,David Jones,Canada,WMathie,657,657,657,35.,2025,2
36.,Jan Zverina,Czech Rep.,,657,657,657,36.,2025,2
37.,Timothy Doyle,France,Timothy,655,655,655,37.,2025,2
38.,Kishore Sridharan,India,kishy72,650,650,650,38.,2025,2
39.,Cheran Sun,China,青清晴情,646,646,646,39.,2025,2
40.,Nicholas Ling,Australia,DrNick,639,639,639,40.,2025,2
#,Name,Country,Nick,Points,Points,Points,#,2025,2
41.,Salih Alan,Turkey,bskbri,639,639,639,41.,2025,2
42.,Tomasz Stróżak,Poland,strozo,636,636,636,42.,2025,2
43.,Rintaro Matsumoto,Japan,limt,629,629,629,43.,2025,2
44.,Naoki Sekiya,Japan,,625,625,625,44.,2025,2
45.,Tyler Chen,USA,tchenn,613,613,613,45.,2025,2
46.,Jan Novotný,Czech Rep.,KrtekHonza,613,613,613,46.,2025,2
47.,Mark Goodliffe,UK,magoo,611,611,611,47.,2025,2
48.,Pavel Kadlečík,Czech Rep.,kousek-nebe,610,610,610,48.,2025,2
49.,cheng hao zhang,China,浩之呈,608,608,608,49.,2025,2
50.,Se Joon Jang,"Korea, South",jonahjang,608,608,608,50.,2025,2
51.,Bram de Laat,Netherlands,Para,600,600,600,51.,2025,2
52.,Jack Lawrence,UK,,588,588,588,52.,2025,2
53.,Eva Schuckert,Austria,,577,577,577,53.,2025,2
54.,Jelena Balanova,Latvia,,574,574,574,54.,2025,2
55.,SeongHwa Hong,"Korea, South",,574,574,574,55.,2025,2
56.,Dominik Bezkosty,Poland,,574,574,574,56.,2025,2
57.,Yuki Kajihara,Japan,Shiraoka,574,574,574,57.,2025,2
58.,Thomas Luo,USA,tluo5458,565,565,565,58.,2025,2
59.,Pavel Jaselský,Slovakia,pali7,564,564,564,59.,2025,2
60.,Sinchai Rungsangrattanakul,Thailand,sinchai4547,560,560,560,60.,2025,2
#,Name,Country,Nick,Points,Points,Points,#,2025,2
61.,Jiacheng Song,China,youyuqingwa,560,560,560,61.,2025,2
62.,Jana Novotná,Czech Rep.,tojejedno,558,558,558,62.,2025,2
63.,心 木,China,木心,555,555,555,63.,2025,2
64.,Annick Weyzig,Netherlands,sojaboon,551,551,551,64.,2025,2
65.,Thitithat Tiankrajang,Thailand,best48302,547,547,547,65.,2025,2
66.,Qianzi Li,China,Wise Cat,541,541,541,66.,2025,2
67.,Yoseph Mak,USA,symbolic23,541,541,541,67.,2025,2
68.,Akio Tanabe,Japan,akio,538,538,538,68.,2025,2
69.,Stefan Gaspar,Slovakia,pista,538,538,538,69.,2025,2
70.,徐晨皓 samuelxu,China,嘉和逆天,538,538,538,70.,2025,2
71.,Kazuya Yamamoto,Japan,Hazakura,535,535,535,71.,2025,2
72.,Ryotaro Chiba,Japan,EctoPlasma,535,535,535,72.,2025,2
73.,Zihang Liu lelele,China,,527,527,527,73.,2025,2
74.,ashish kumar,India,ashaash11ash,527,527,527,74.,2025,2
75.,Branko Ćeranić,Serbia,skywalker,527,527,527,75.,2025,2
76.,Hannes Sidorov,Estonia,HannesB0Y,527,527,527,76.,2025,2
77.,Tim Tom,UK,timimimimim,525,525,525,77.,2025,2
78.,Rebecca Chang,USA,Bec,521,521,521,78.,2025,2
79.,Adem Jaziri,Tunisia,Adem Jaziri,519,519,519,79.,2025,2
80.,Veronika Macků,Czech Rep.,Pherenike,514,514,514,80.,2025,2
#,Name,Country,Nick,Points,Points,Points,#,2025,2
81.,Anne Limoges,France,,514,514,514,81.,2025,2
82.,Harsh Poddar,India,,511,511,511,82.,2025,2
83.,Heyu Wang,China,Heyu Wang,507,507,507,83.,2025,2
84.,Alexander Tsegenko,Russia,Tsegen,503,503,503,84.,2025,2
85.,Jakub Hrazdira,Czech Rep.,Gotroch,498,498,498,85.,2025,2
86.,Zimi Li,China,daipa,497,497,497,86.,2025,2
87.,yx c,China,ugly2333,497,497,497,87.,2025,2
88.,Lennart Muijres,Netherlands,Leonardo024,497,497,497,88.,2025,2
89.,Jiaqi Qin,China,Noame Qin,495,495,495,89.,2025,2
90.,Xingjian Cui,China,,492,492,492,90.,2025,2
91.,Ondřej Motlíček,Czech Rep.,,487,487,487,91.,2025,2
92.,Ryusuke Nishiyama,Japan,,487,487,487,92.,2025,2
93.,Hwangrae Lee,"Korea, South",Spica,486,486,486,93.,2025,2
94.,Judyta Izabela Bujnowska,Poland,JuIza,479,479,479,94.,2025,2
95.,Sai Praneetha Reddy,India,,476,476,476,95.,2025,2
96.,Hawel Manuela,Austria,,476,476,476,96.,2025,2
97.,Aashay Patil,India,aashay,475,475,475,97.,2025,2
98.,Valentin Miakinen,France,Barbitos,475,475,475,98.,2025,2
99.,Jennifer Chan,Canada,jchan18,468,468,468,99.,2025,2
100.,Ran Liao,China,snakeeyes,467,467,467,100.,2025,2
#,Name,Country,Nick,Points,Points,Points,#,2025,2
101.,Martijn Goorden,Netherlands,Qwerty,467,467,467,101.,2025,2
102.,Hikaru Muraoka,Japan,k_night,465,465,465,102.,2025,2
103.,Krystian Świderski,Poland,karzym,463,463,463,103.,2025,2
104.,Andrej Plaštiak,Slovakia,Andrej,463,463,463,104.,2025,2
105.,Torsten Rogoll,Germany,,462,462,462,105.,2025,2
106.,Shichen Jing,China,晨赓客,462,462,462,106.,2025,2
107.,Harsukhpreet Kaur,India,Harsukh,460,460,460,107.,2025,2
108.,Xuân Dương Lê,Vietnam,leduongk65cbuet,460,460,460,108.,2025,2
109.,梓睿 王,China,Wang Zirui,460,460,460,109.,2025,2
110.,Klára Vytisková,Czech Rep.,QKV,460,460,460,110.,2025,2
111.,Kahraman Gunduz,Turkey,piiz,460,460,460,111.,2025,2
112.,Vita Gamber,Germany,,460,460,460,112.,2025,2
113.,Jérôme LACOSTE,France,geronimo92,458,458,458,113.,2025,2
114.,Nora Borst,USA,,455,455,455,114.,2025,2
115.,Mateusz Przybyła,Poland,,455,455,455,115.,2025,2
116.,hyuk sun Kwon,"Korea, South",dolgore63,451,451,451,116.,2025,2
117.,Kartik Reddy,India,,451,451,451,117.,2025,2
118.,Chen-Xiu Lin,Taiwan,NaMgAl,450,450,450,118.,2025,2
119.,Anderson Wang,USA,,449,449,449,119.,2025,2
120.,Roberto Lee,Taiwan,robertolee,448,448,448,120.,2025,2
#,Name,Country,Nick,Points,Points,Points,#,2025,2
121.,Jaipal Reddy,India,mjaipal,448,448,448,121.,2025,2
122.,Édouard Lebeau,France,mandourin,448,448,448,122.,2025,2
123.,Byron Calver,Canada,ByronosaurusRex,446,446,446,123.,2025,2
124.,Taigo Ando,Japan,Tigereye,444,444,444,124.,2025,2
125.,Victor Larsen,USA,shraeye,443,443,443,125.,2025,2
126.,Anna Wąsowska,Poland,ancyna,439,439,439,126.,2025,2
127.,Krzysztof Dwużnik,Poland,,439,439,439,127.,2025,2
128.,Wan Pei Jun,Malaysia,PeiJun,437,437,437,128.,2025,2
129.,Shambo Debnath,India,,435,435,435,129.,2025,2
130.,Sylvain Caudmont,France,sisi59,433,433,433,130.,2025,2
131.,danya mos,Netherlands,danya,432,432,432,131.,2025,2
132.,Clover Moon,USA,clover,427,427,427,132.,2025,2
133.,Robert Vollmert,Germany,rob,427,427,427,133.,2025,2
134.,Tingyan Qian,China,Leo Qian,425,425,425,134.,2025,2
135.,Jeffrey Huang,USA,jeff10,424,424,424,135.,2025,2
136.,Philippe Meyer,France,FifiR,421,421,421,136.,2025,2
137.,Dolev Sacher,Israel,DolevS,418,418,418,137.,2025,2
138.,György Herke,Hungary,Gyuszi13,417,417,417,138.,2025,2
139.,Verena Möhler,Germany,moeve,416,416,416,139.,2025,2
140.,Pavel Kocka,Czech Rep.,hawranomut,416,416,416,140.,2025,2
#,Name,Country,Nick,Points,Points,Points,#,2025,2
141.,Maxim Li,USA,28 degrees,416,416,416,141.,2025,2
142.,Filip Brecher,Czech Rep.,,414,414,414,142.,2025,2
143.,Jhonny Cruz Mestanza,Peru,ElXouny,414,414,414,143.,2025,2
144.,Dennis Keetman,Netherlands,DennisK,411,411,411,144.,2025,2
145.,Nityant Agarwal,India,Nityant05,410,410,410,145.,2025,2
146.,Kevin Sun,Canada,ksun48,408,408,408,146.,2025,2
147.,Takeshi Kawasaki,Japan,,405,405,405,147.,2025,2
148.,Claudine Thiry,Luxembourg,dodine,404,404,404,148.,2025,2
149.,Ned Walker,UK,nedwalker,403,403,403,149.,2025,2
150.,Laura Tarchetti,Italy,fenicia,403,403,403,150.,2025,2
151.,Magdalena Bernacik,Poland,,403,403,403,151.,2025,2
152.,Tina Bratim,Croatia,Tinica,402,402,402,152.,2025,2
153.,Candice Solidarios,Philippines,,402,402,402,153.,2025,2
154.,Nathalie Catinot,France,,401,401,401,154.,2025,2
155.,Timo van der Hoogt,Netherlands,toht,401,401,401,155.,2025,2
156.,Ravi chandran,India,ravilp,401,401,401,156.,2025,2
157.,Orhun Yüksel,Turkey,Niverio,401,401,401,157.,2025,2
158.,Jonathan Yu,Philippines,sudokutrash,400,400,400,158.,2025,2
159.,Tom Collyer,UK,,396,396,396,159.,2025,2
160.,Denis Auroux,France,auroux,395,395,395,160.,2025,2
#,Name,Country,Nick,Points,Points,Points,#,2025,2
161.,Arvis Brizga,Latvia,,395,395,395,161.,2025,2
162.,Pawel Kepczynski,Poland,pafcio,395,395,395,162.,2025,2
163.,XXX XXX,China,Sloth,395,395,395,163.,2025,2
164.,Kerry Xing,USA,kxing,395,395,395,164.,2025,2
165.,Ericka Casil,Philippines,,394,394,394,165.,2025,2
166.,Michael Kreiger,USA,Michael_K3,392,392,392,166.,2025,2
167.,Yuji Yamamoto,Japan,utime,391,391,391,167.,2025,2
168.,自 然,China,zrlyg,390,390,390,168.,2025,2
169.,Veronika Hrubjáková,Slovakia,,390,390,390,169.,2025,2
170.,Frédéric PREVOT,France,Ours Blanc,390,390,390,170.,2025,2
171.,zhiyang Tong,China,泡芙,390,390,390,171.,2025,2
172.,Takuma Kitamura,Japan,SP1,389,389,389,172.,2025,2
173.,Zoe Ashford,UK,Zo_Ashford,389,389,389,173.,2025,2
174.,CJ Tan,Philippines,hetan,385,385,385,174.,2025,2
175.,Satoshi Ando,Japan,aldentea,383,383,383,175.,2025,2
176.,Lubos Hyzak,Slovakia,,378,378,378,176.,2025,2
177.,akash doulani,India,akashdoulani78,370,370,370,177.,2025,2
178.,yong seok Choi,"Korea, South",EoHeongMat,369,369,369,178.,2025,2
179.,Adam Bissett,UK,,369,369,369,179.,2025,2
180.,Jiri Hrdina,Czech Rep.,jhrdina,368,368,368,180.,2025,2
#,Name,Country,Nick,Points,Points,Points,#,2025,2
181.,Tomasz Skalski,Poland,,366,366,366,181.,2025,2
182.,Jörg Zentgraf,Germany,,365,365,365,182.,2025,2
183.,Lucy Epstein,USA,,363,363,363,183.,2025,2
184.,Soji Kubota,Japan,fff1015,362,362,362,184.,2025,2
185.,jun seo ha,"Korea, South",mathjuny,362,362,362,185.,2025,2
186.,Aubin Danzo,France,,360,360,360,186.,2025,2
187.,Justyna Wójcik,Poland,Hitori69,356,356,356,187.,2025,2
188.,Benji Martin,UK,Benjango,354,354,354,188.,2025,2
189.,Matej Vyparina,Slovakia,,353,353,353,189.,2025,2
190.,Sara Terveer,Germany,,352,352,352,190.,2025,2
191.,Margit Scheler,Estonia,pargitool,349,349,349,191.,2025,2
192.,Agnieszka Buczma,Poland,agabum,348,348,348,192.,2025,2
193.,Tim Miller,USA,timjamiller,348,348,348,193.,2025,2
194.,Kevin Filmawan,Indonesia,kevinfil,348,348,348,194.,2025,2
195.,Chenlang Li,China,,347,347,347,195.,2025,2
196.,DHRUVARAJSINH PUWAR,India,Dhruvarajsinh,347,347,347,196.,2025,2
197.,Taylor Bu,China,,347,347,347,197.,2025,2
198.,Viktor Lapis,Hungary,,346,346,346,198.,2025,2
199.,Julien DAL ZOTTO,France,Dalzinho74,346,346,346,199.,2025,2
200.,Taro Arimatsu,Japan,tarotaro,346,346,346,200.,2025,2
#,Name,Country,Nick,Points,Points,Points,#,2025,2
201.,Kristi Lehto,Estonia,,345,345,345,201.,2025,2
202.,Anders Olsen,USA,whatshisbucket,345,345,345,202.,2025,2
203.,Yu Huang,China,hy1988,344,344,344,203.,2025,2
204.,Valerio Stancanelli,Italy,TheScrasse,344,344,344,204.,2025,2
205.,XiaoWei Huang,China,xiao01wei,343,343,343,205.,2025,2
206.,Timothy Leong,Australia,,343,343,343,206.,2025,2
207.,Valeria Losasso,Italy,hopethisoneworks,343,343,343,207.,2025,2
208.,Pavlos Zacharopoulos,Greece,t12345678,343,343,343,208.,2025,2
209.,Harmeet Singh,India,harmeet,343,343,343,209.,2025,2
210.,Elena Aivazopoulou,Greece,,342,342,342,210.,2025,2
211.,Manuel Poliszuk,Argentina,Qhaces,342,342,342,211.,2025,2
212.,Jan Češka,Czech Rep.,janceska,340,340,340,212.,2025,2
213.,Olivier Lignon,France,Olivier Lignon,340,340,340,213.,2025,2
214.,Wei-Hwa Huang,USA,onigame,339,339,339,214.,2025,2
215.,michele bongiorno,Italy,wiseman89,339,339,339,215.,2025,2
216.,Filip Jabłoński,Poland,BigKokonat,336,336,336,216.,2025,2
217.,Florian Mauer,Germany,FlorianM79,336,336,336,217.,2025,2
218.,Lenka Chaloupková,Czech Rep.,,335,335,335,218.,2025,2
219.,swaroop guggilam,India,swaroop2011,335,335,335,219.,2025,2
220.,Kanae Aoki,Japan,kiyowa,333,333,333,220.,2025,2
#,Name,Country,Nick,Points,Points,Points,#,2025,2
221.,Stefan Gyürki,Slovakia,gypista,331,331,331,221.,2025,2
222.,Jonathan Bode,USA,bodemeister,330,330,330,222.,2025,2
223.,Gennady Korotkevich,Belarus,tourist,330,330,330,223.,2025,2
224.,Harrison Beer,Australia,Harryjbeer,330,330,330,224.,2025,2
225.,Nelly Pelc Vostrá,Czech Rep.,nelly,330,330,330,225.,2025,2
226.,Olga Shut,Belarus,OlgaShut,330,330,330,226.,2025,2
227.,city isolated,China,isolatedcity,330,330,330,227.,2025,2
228.,Frank Wang,USA,,329,329,329,228.,2025,2
229.,Karel Doskocil,Czech Rep.,carlos5,328,328,328,229.,2025,2
230.,Cheryl Gaul,USA,cgaul,328,328,328,230.,2025,2
231.,Ulla Elsilä,Finland,UllaE,327,327,327,231.,2025,2
232.,Lisa Loheide-Niesmann,Germany,,326,326,326,232.,2025,2
233.,Pooja Bansal,India,pooja bansal,326,326,326,233.,2025,2
234.,Vladlen Karpov,Russia,,325,325,325,234.,2025,2
235.,Gabriela Jaselska,Slovakia,,325,325,325,235.,2025,2
236.,Henning Kalsgaard Poulsen,Denmark,Kalsgaard,325,325,325,236.,2025,2
237.,mi yanming,China,,325,325,325,237.,2025,2
238.,Tom Krejčí,Czech Rep.,tierra,325,325,325,238.,2025,2
239.,Miroslav Salaga,Slovakia,macko,323,323,323,239.,2025,2
240.,Rianda Jenema,Netherlands,Rianda,323,323,323,240.,2025,2
#,Name,Country,Nick,Points,Points,Points,#,2025,2
241.,Phasit Chantachote,Thailand,SonicBlaze,321,321,321,241.,2025,2
242.,Sed Holaysan,Philippines,,320,320,320,242.,2025,2
243.,Zhen Fan,China,FierceHAuCl4,320,320,320,243.,2025,2
244.,Arnaud Dumont,France,L00ping,320,320,320,244.,2025,2
245.,Aleksei Daniliuk,UK,Um_nik,319,319,319,245.,2025,2
246.,Ralf Möbus,Germany,,318,318,318,246.,2025,2
247.,Nicholas Allendorf,USA,Shogia,314,314,314,247.,2025,2
248.,Calum Mailer,UK,,314,314,314,248.,2025,2
249.,Maciej Ignaciuk,Poland,,313,313,313,249.,2025,2
250.,Diana Grigoreva,Russia,,311,311,311,250.,2025,2
251.,Frederick Gutierrez Jr.,Philippines,Fredo,311,311,311,251.,2025,2
252.,Jerry Weir,Canada,,310,310,310,252.,2025,2
253.,Benedikt Hahn,Germany,Kideneb,309,309,309,253.,2025,2
254.,Reinier Schmiermann,Netherlands,Reinier,309,309,309,254.,2025,2
255.,Asterios Varsamis-Kyratlidis,Greece,avarsamis,309,309,309,255.,2025,2
256.,Alexander Karpan,Ukraine,AlexKarpan,307,307,307,256.,2025,2
257.,Diana Skrhova,Slovakia,Anaid,306,306,306,257.,2025,2
258.,Andri Purnama Ramadan,Indonesia,Nusi,305,305,305,258.,2025,2
259.,sumi sumi,Germany,,302,302,302,259.,2025,2
260.,Yuta Nagata,Japan,nyuta,302,302,302,260.,2025,2
#,Name,Country,Nick,Points,Points,Points,#,2025,2
261.,Kentaro Sumigawa,Japan,smiken,302,302,302,261.,2025,2
262.,爽 覃,China,Shuang Qin,302,302,302,262.,2025,2
263.,Mathilde Prouvost,France,ThithildeProuv,301,301,301,263.,2025,2
264.,Giulia Cossutti,Italy,elc,299,299,299,264.,2025,2
265.,Chiara Nuzio,Italy,lupurk,298,298,298,265.,2025,2
266.,jean-Baptiste RIDOUARD,France,Roxis,298,298,298,266.,2025,2
267.,Cara Dowell,USA,,297,297,297,267.,2025,2
268.,Peter Hornak,Slovakia,petho,296,296,296,268.,2025,2
269.,Vittorio Schiavone,Italy,Moso,295,295,295,269.,2025,2
270.,Man He,China,dodomos,295,295,295,270.,2025,2
271.,Matthew White,UK,,294,294,294,271.,2025,2
272.,DUC JOFFREY,France,,293,293,293,272.,2025,2
273.,Takemasa Aoki,Japan,gori.sh,291,291,291,273.,2025,2
274.,Rado Bo4ev,Bulgaria,tres4o,291,291,291,274.,2025,2
275.,Gabriele Carelli,Italy,GaS,290,290,290,275.,2025,2
276.,Olga Diaz,Spain,,289,289,289,276.,2025,2
277.,Dusan Sobot,Serbia,dsobot,288,288,288,277.,2025,2
278.,Richard Luhtaru,Estonia,,288,288,288,278.,2025,2
279.,Jacob Bowdler,New Zealand,jacobpwb,287,287,287,279.,2025,2
280.,Hermelin Isabelle,France,elendill,287,287,287,280.,2025,2
#,Name,Country,Nick,Points,Points,Points,#,2025,2
281.,Poonam Gandhi,India,poonamgandhi,287,287,287,281.,2025,2
282.,Mariëlle Hoexum,Netherlands,malelle12,286,286,286,282.,2025,2
283.,haizhi zhang,China,岁月刀,285,285,285,283.,2025,2
284.,Phattharapharadee Maenpuen,Thailand,,284,284,284,284.,2025,2
285.,Jiachen Tang,China,SuikaPredator,284,284,284,285.,2025,2
286.,Łukasz Skrzypczyński,Poland,skrzypl1,283,283,283,286.,2025,2
287.,Akihiro Kaneko,Japan,SigmaArf,282,282,282,287.,2025,2
288.,Jotaro Miyamoto,Japan,,282,282,282,288.,2025,2
289.,BILLOT Pierre,Belgium,,281,281,281,289.,2025,2
290.,Darren Yin,USA,,281,281,281,290.,2025,2
291.,Yosuke Imai,Japan,101 Yosuke,281,281,281,291.,2025,2
292.,Connor Sell,USA,,281,281,281,292.,2025,2
293.,Ekaterina Nuzdina,Russia,,280,280,280,293.,2025,2
294.,Ewelina Wiśniewska,Poland,Evellinium,279,279,279,294.,2025,2
295.,Anuradha Ganesh,India,AnuGanesh,276,276,276,295.,2025,2
296.,Sébastien Tainon,France,Arkandias,274,274,274,296.,2025,2
297.,Václav Jasanský,Czech Rep.,Nikro,271,271,271,297.,2025,2
298.,Aikaterini Tsakanika,Greece,tatia,271,271,271,298.,2025,2
299.,Gaurav Kumar Jain,India,Gaurav,270,270,270,299.,2025,2
300.,Lucie Klimešová,Czech Rep.,,270,270,270,300.,2025,2
#,Name,Country,Nick,Points,Points,Points,#,2025,2
301.,Jeff Felling,USA,Jeff8,269,269,269,301.,2025,2
302.,Ümit Volkan ÖZTÜRK,Turkey,volkirik,266,266,266,302.,2025,2
303.,俏 俏,China,JojoQueen,266,266,266,303.,2025,2
304.,Nadine BRIOUAL,France,,266,266,266,304.,2025,2
305.,Janelle Aleisonne Navarro,Philippines,aliii,266,266,266,305.,2025,2
306.,Matteo Fedeli,Italy,Yoshi Baroshi,266,266,266,306.,2025,2
307.,Deepak Kumar,India,dipkmr,266,266,266,307.,2025,2
308.,Jiapei Zou,China,likeat2best,266,266,266,308.,2025,2
309.,Vijaya Govindarajan,India,Vijaya,266,266,266,309.,2025,2
310.,Cong Gao,China,,266,266,266,310.,2025,2
311.,Karolina Olszewska,Poland,arolinao,265,265,265,311.,2025,2
312.,Michael Walker,UK,Atimelord852,265,265,265,312.,2025,2
313.,甘 甘,China,阿呆,265,265,265,313.,2025,2
314.,Olga Doroszko,Poland,,265,265,265,314.,2025,2
315.,Martin Bråten,Norway,Piatato,265,265,265,315.,2025,2
316.,Iva Rabar,Croatia,,265,265,265,316.,2025,2
317.,Pika Založnik,Slovenia,pzalozni,265,265,265,317.,2025,2
318.,Kaz .,USA,kaz_150,264,264,264,318.,2025,2
319.,Timothy Tan,USA,arceus23,264,264,264,319.,2025,2
320.,Amit Sowani,India,amitsowani,263,263,263,320.,2025,2
#,Name,Country,Nick,Points,Points,Points,#,2025,2
321.,Иван Георгиев,Bulgaria,Vanko1914,263,263,263,321.,2025,2
322.,Anna Szymańska,Poland,annasz,263,263,263,322.,2025,2
323.,Charles Steinhardt,Denmark,CSteinhardt,263,263,263,323.,2025,2
324.,Deyan Razsadov,Bulgaria,Deyan,263,263,263,324.,2025,2
325.,Huaiyuan ZHANG,China,Amanda730,263,263,263,325.,2025,2
326.,David Braun,Hungary,Braunka625,263,263,263,326.,2025,2
327.,Solomon Granor,USA,SSG,263,263,263,327.,2025,2
328.,Erik Amor,Estonia,,263,263,263,328.,2025,2
329.,Clément Bossut,France,,263,263,263,329.,2025,2
330.,Jouni Harjumäki,Finland,,262,262,262,330.,2025,2
331.,Vassili Paput,France,,262,262,262,331.,2025,2
332.,Walker Anderson,USA,WA1729,261,261,261,332.,2025,2
333.,Renfei Gong,China,OnionSalad,261,261,261,333.,2025,2
334.,Takeru Sugai,Japan,to,261,261,261,334.,2025,2
335.,吕铠毅 lvkaiyi,China,lvkaiyi0811,260,260,260,335.,2025,2
336.,Jacob Nelson,USA,Stretch22,260,260,260,336.,2025,2
337.,Zdenka Pácalová,Czech Rep.,zdenkap,257,257,257,337.,2025,2
338.,Thanos Darkadakis,Greece,sakito,256,256,256,338.,2025,2
339.,BLECON Francois,France,francwe,256,256,256,339.,2025,2
340.,Shinichi Aoki,Japan,,255,255,255,340.,2025,2
#,Name,Country,Nick,Points,Points,Points,#,2025,2
341.,Tu Nguyen,Vietnam,thanhtu26,255,255,255,341.,2025,2
342.,Michał Wójcik,Poland,mwojcik96,253,253,253,342.,2025,2
343.,Madeleine Mott,USA,atroposhears,253,253,253,343.,2025,2
344.,Jaroslav Grajciar,Slovakia,Neky,250,250,250,344.,2025,2
345.,Beata Lach,Poland,Blach,249,249,249,345.,2025,2
346.,Sung-Won Jin,"Korea, South",swj219,249,249,249,346.,2025,2
347.,陈昱 chenyu,China,,248,248,248,347.,2025,2
348.,Kristin Stearns,USA,DreamRose311,248,248,248,348.,2025,2
349.,Jaroslav Grajciar ml.,Slovakia,Jarck,246,246,246,349.,2025,2
350.,Sakulbuth Ekvittayaniphon,Thailand,lemononmars,245,245,245,350.,2025,2
351.,Vasso Kalaitzidou,Greece,vasso,245,245,245,351.,2025,2
352.,Torashige Maki,Japan,,244,244,244,352.,2025,2
353.,Mio Tsutsui,Japan,mio,243,243,243,353.,2025,2
354.,alberto filippini,Italy,albfilip,243,243,243,354.,2025,2
355.,Dimitris Kalafatis,Greece,,243,243,243,355.,2025,2
356.,Jonathan Prine,USA,,243,243,243,356.,2025,2
357.,Boyan Dong,China,,242,242,242,357.,2025,2
358.,Tianyu Qi,China,shedarshian,242,242,242,358.,2025,2
359.,Dennis Chen,USA,reychen,241,241,241,359.,2025,2
360.,Karel Sterba,Czech Rep.,chlien,241,241,241,360.,2025,2
#,Name,Country,Nick,Points,Points,Points,#,2025,2
361.,Md Mahbubul Hasan,Bangladesh,mahbub,241,241,241,361.,2025,2
362.,Josh Pusateri,USA,WeBeatOkimo,240,240,240,362.,2025,2
363.,Matthew Hambacher,USA,Cozy,239,239,239,363.,2025,2
364.,Jackie! Zhou,USA,midnightflyer76,239,239,239,364.,2025,2
365.,Yuka Jo,Japan,melvy,237,237,237,365.,2025,2
366.,Fabien Douté,France,fabich,237,237,237,366.,2025,2
367.,esra aydemir,Turkey,aras,236,236,236,367.,2025,2
368.,Dusan Privoznik,Slovakia,riki69,232,232,232,368.,2025,2
369.,Nicholas McHaffie,Canada,N McH,232,232,232,369.,2025,2
370.,Shuohang Chen,China,shuohang,231,231,231,370.,2025,2
371.,Elizabeth Izaks,Netherlands,,230,230,230,371.,2025,2
372.,Tomasz Stachurski,Poland,,229,229,229,372.,2025,2
373.,Dương Bùi Xuân Khánh,Vietnam,DannyBui,229,229,229,373.,2025,2
374.,Thien Nguyen Dinh Chi,Vietnam,OddOneOh,229,229,229,374.,2025,2
375.,Andrzej Dalach,Poland,Gladmax,228,228,228,375.,2025,2
376.,Evgeniy Bekishev,Russia,Eugene,228,228,228,376.,2025,2
377.,Tobias Kraft,Germany,Toseflo,228,228,228,377.,2025,2
378.,Fernando Almazán Gil,Spain,-.ferchx.-,226,226,226,378.,2025,2
379.,Chris Reintal,Estonia,,223,223,223,379.,2025,2
380.,Diana Huang,USA,,222,222,222,380.,2025,2
#,Name,Country,Nick,Points,Points,Points,#,2025,2
381.,Libuše Kovarova,Czech Rep.,Kvirin,221,221,221,381.,2025,2
382.,Seyeon Lo,Hong Kong,Seyeonnie,221,221,221,382.,2025,2
383.,Thananon Boonkrong,Thailand,B. Thananon,221,221,221,383.,2025,2
384.,KG Lim,Malaysia,eegrak,220,220,220,384.,2025,2
385.,Mamta Singh,India,anjali,219,219,219,385.,2025,2
386.,Alexander Kirlitsa,Russia,Hitrez,219,219,219,386.,2025,2
387.,Vinitaa Allagh,India,Vinitaa Walia,218,218,218,387.,2025,2
388.,anil khosla,India,,218,218,218,388.,2025,2
389.,Jason Lee,USA,,218,218,218,389.,2025,2
390.,Kartal Nagy,Hungary,kartal,218,218,218,390.,2025,2
391.,Daniela Lukáčová,Slovakia,,218,218,218,391.,2025,2
392.,Michael Tang,USA,mstang,218,218,218,392.,2025,2
393.,Richter Gerhard,Germany,Senior41,218,218,218,393.,2025,2
394.,Keheng Hou,China,漩涡小饼干,218,218,218,394.,2025,2
395.,Carter Silvey,USA,,218,218,218,395.,2025,2
396.,Evelyn VDK,Australia,TVDK,217,217,217,396.,2025,2
397.,Joan Llobera Querol,Spain,,217,217,217,397.,2025,2
398.,Roger Kohler,Switzerland,ropeko,217,217,217,398.,2025,2
399.,Volker Plassmann,Germany,,216,216,216,399.,2025,2
400.,Prezensky Istvan,Romania,logiprez,216,216,216,400.,2025,2
#,Name,Country,Nick,Points,Points,Points,#,2025,2
401.,Atanas Georgiev,Bulgaria,Nasko,215,215,215,401.,2025,2
402.,Jana Podroužková,Slovakia,jjjanka.s,215,215,215,402.,2025,2
403.,Seonje Cha,"Korea, South",Karakoon,214,214,214,403.,2025,2
404.,Penny Cheong,Malaysia,pennycheong917,214,214,214,404.,2025,2
405.,Jaan Laks,Estonia,salmo,212,212,212,405.,2025,2
406.,S S,Canada,,212,212,212,406.,2025,2
407.,Crystal L,USA,,211,211,211,407.,2025,2
408.,Grzegorz Bajor,Poland,,211,211,211,408.,2025,2
409.,Robert Kunst,Netherlands,,208,208,208,409.,2025,2
410.,Pallav Goyal,India,pallav123goyal,207,207,207,410.,2025,2
411.,Ethan Lau,Hong Kong,Ethanlau1214,206,206,206,411.,2025,2
412.,Mladen Mestrovic,Croatia,mestar,206,206,206,412.,2025,2
413.,Yusuke Hara,Japan,Hikaru,206,206,206,413.,2025,2
414.,Külli Laks Vahemäe,Estonia,Volvo,206,206,206,414.,2025,2
415.,雨 南宫,China,南宫雨,206,206,206,415.,2025,2
416.,Krutika Puwar,India,Puwar Krutika,206,206,206,416.,2025,2
417.,Marco Pellegrini,Italy,m19700530,206,206,206,417.,2025,2
418.,Victoria I. Pérez,Cuba,,206,206,206,418.,2025,2
419.,Kai Long Yip,Hong Kong,,206,206,206,419.,2025,2
420.,Markku Lahti,Finland,Markku,206,206,206,420.,2025,2
#,Name,Country,Nick,Points,Points,Points,#,2025,2
421.,Zoé Weiblé,France,,206,206,206,421.,2025,2
422.,Noriyuki Machimura,Japan,,206,206,206,422.,2025,2
423.,Jason Todd,USA,,206,206,206,423.,2025,2
424.,Carmine Bianco,Germany,CarBian,206,206,206,424.,2025,2
425.,Petar Smolković,Croatia,smolko,206,206,206,425.,2025,2
426.,Pattrachai Lueangdechanurak,Thailand,Pattrachai13,206,206,206,426.,2025,2
427.,Karin Luiv,Estonia,Inglitrompet,206,206,206,427.,2025,2
428.,呈丰 葉,Taiwan,,206,206,206,428.,2025,2
429.,Dominik Melkovič,Slovakia,,206,206,206,429.,2025,2
430.,Christopher Vu,USA,gimmick,206,206,206,430.,2025,2
431.,Raul Kačírek,Czech Rep.,Caca,204,204,204,431.,2025,2
432.,Jordan John Lee,USA,AirJordanLee24,204,204,204,432.,2025,2
433.,Daisy Mallion,UK,,204,204,204,433.,2025,2
434.,Emma McCaughan,UK,Emma,202,202,202,434.,2025,2
435.,Markus Hoja,Germany,bismarck,202,202,202,435.,2025,2
436.,Kristjan Hansen,Estonia,,200,200,200,436.,2025,2
437.,Ioannis Mavrikos,Greece,,200,200,200,437.,2025,2
438.,Howard Wilkinson,UK,HWHW,200,200,200,438.,2025,2
439.,Dan Stronger,USA,danstronger,198,198,198,439.,2025,2
440.,Art Ed,UK,,195,195,195,440.,2025,2
#,Name,Country,Nick,Points,Points,Points,#,2025,2
441.,Leonidas Giannouzakos,Greece,bookie,195,195,195,441.,2025,2
442.,Phawin Prongpaophan,Thailand,,195,195,195,442.,2025,2
443.,Ruben Gafencu,Romania,rubbeng,194,194,194,443.,2025,2
444.,Rawipol Kurupinsiri,Thailand,Rew,194,194,194,444.,2025,2
445.,Huiyun Noh,"Korea, South",NHY,193,193,193,445.,2025,2
446.,Christian Romon,France,Christian,193,193,193,446.,2025,2
447.,Alaina Borst,USA,beesweezy,193,193,193,447.,2025,2
448.,Eugenia Khaikhina,Canada,gigi_kh,193,193,193,448.,2025,2
449.,Alex Koek,Netherlands,,192,192,192,449.,2025,2
450.,Nickolai Whitlow,USA,,192,192,192,450.,2025,2
451.,xxuurruuii xxuurruuii,China,xxuurruuii,191,191,191,451.,2025,2
452.,achille massimo capecce,Italy,achille,191,191,191,452.,2025,2
453.,Tatiana Padysakova,Slovakia,tanatko,190,190,190,453.,2025,2
454.,Dominik Bojko,Poland,Amoeba,189,189,189,454.,2025,2
455.,Rachel Kagan,USA,Rachel,188,188,188,455.,2025,2
456.,CHING-SHOU LIN,Taiwan,eleven0502,188,188,188,456.,2025,2
457.,Veronika Kolvekova,Slovakia,,186,186,186,457.,2025,2
458.,Maurice B,UK,mjb99,186,186,186,458.,2025,2
459.,Jean Robert,France,khazimir,185,185,185,459.,2025,2
460.,Muqian Zhong,China,Brown,185,185,185,460.,2025,2
#,Name,Country,Nick,Points,Points,Points,#,2025,2
461.,Miriam Kates,USA,quijax,184,184,184,461.,2025,2
462.,Anne Sorensen,Denmark,Chevy4,183,183,183,462.,2025,2
463.,Hemant Kr Malani,India,,183,183,183,463.,2025,2
464.,Yeongtae Shin,"Korea, South",sythi2,183,183,183,464.,2025,2
465.,Alessandro Locatelli,Italy,alexdon,182,182,182,465.,2025,2
466.,Grigorii Alekseev,Russia,Grin606,182,182,182,466.,2025,2
467.,Martin Fundarek,Slovakia,,182,182,182,467.,2025,2
468.,Julie Gaddy,USA,WeatherGal,180,180,180,468.,2025,2
469.,Radek Lopusnik,USA,radekivv,178,178,178,469.,2025,2
470.,Pat Stanford,UK,Kaysman,178,178,178,470.,2025,2
471.,Juha Korvenaho,Finland,,178,178,178,471.,2025,2
472.,Lumír Witoszek,Poland,Lumír,177,177,177,472.,2025,2
473.,Shifu Nakazawa,Japan,SHI,177,177,177,473.,2025,2
474.,Bruno Rivara,Switzerland,Bruno61,177,177,177,474.,2025,2
475.,Simone Schneider,Germany,,177,177,177,475.,2025,2
476.,Emily Carty,Canada,Emily,177,177,177,476.,2025,2
477.,Tushar Maheshwari,India,tushhr,176,176,176,477.,2025,2
478.,Scott Williams,USA,Mr. W the Math Teacher,176,176,176,478.,2025,2
479.,Mikhail Tikhomirov,Cyprus,endagorion,174,174,174,479.,2025,2
480.,Witold Rosinski,Poland,,174,174,174,480.,2025,2
#,Name,Country,Nick,Points,Points,Points,#,2025,2
481.,David Moulton,USA,Badir,174,174,174,481.,2025,2
482.,Kuan Yu Lin,Taiwan,xupej04m3,172,172,172,482.,2025,2
483.,Esmeralda Kleinreesink,Netherlands,EsmeraldaKlein,171,171,171,483.,2025,2
484.,Gunasundhari D,India,,169,169,169,484.,2025,2
485.,Deren Çağlayan,Turkey,,169,169,169,485.,2025,2
486.,Marek Peszt,Poland,xtras,167,167,167,486.,2025,2
487.,Henry Turner,USA,Twiggy,167,167,167,487.,2025,2
488.,Tana Wattanawaroon,Thailand,TangentOfA,167,167,167,488.,2025,2
489.,Daniel Zeng,USA,cheep,167,167,167,489.,2025,2
490.,paolo tivano,Italy,flin68,166,166,166,490.,2025,2
491.,Laure Prinzbach,France,,164,164,164,491.,2025,2
492.,Shingo Ishijima,Japan,,163,163,163,492.,2025,2
493.,qp woeirut,USA,qpwoeirut,162,162,162,493.,2025,2
494.,Ewa Gawrońska,Poland,,158,158,158,494.,2025,2
495.,Mike Colloby,UK,,158,158,158,495.,2025,2
496.,Titika Mylopoulou,Greece,,158,158,158,496.,2025,2
497.,Runli Liang,USA,darkshiba,158,158,158,497.,2025,2
498.,xinyu Cao,China,yifanyifan,158,158,158,498.,2025,2
499.,亦非 孙,China,Segment,158,158,158,499.,2025,2
500.,Yoonah Cho,"Korea, South",starryah,158,158,158,500.,2025,2
#,Name,Country,Nick,Points,Points,Points,#,2025,2
501.,Michelle Yu,USA,meowmixx,158,158,158,501.,2025,2
502.,Paolo Pranzo,Italy,Pillopo,158,158,158,502.,2025,2
503.,Veronika Lukáčová,Slovakia,veronka07,158,158,158,503.,2025,2
504.,Bhuvaneshwari S,India,Bhuvi,158,158,158,504.,2025,2
505.,David Collison,UK,DavidCollison,158,158,158,505.,2025,2
506.,Ema Bosnić,Croatia,,158,158,158,506.,2025,2
507.,Huseyin Sevinc,Turkey,Huseyin,158,158,158,507.,2025,2
508.,Huaiyu Wu,USA,,158,158,158,508.,2025,2
509.,Martina Machackova,Czech Rep.,Madla,158,158,158,509.,2025,2
510.,Nancy Cook,USA,nlcook,158,158,158,510.,2025,2
511.,Anecha Aunbun,Thailand,Fiw,158,158,158,511.,2025,2
512.,nurul aisyah zakari,Malaysia,aisyah,158,158,158,512.,2025,2
513.,Petr Melichar,Czech Rep.,cezar,158,158,158,513.,2025,2
514.,Aaron Queens,Philippines,AaronQns,158,158,158,514.,2025,2
515.,John Rickert,USA,Rickert,156,156,156,515.,2025,2
516.,Tingqiang Xu,China,,156,156,156,516.,2025,2
517.,Tom van der Velden,Netherlands,Ridder Tommy,156,156,156,517.,2025,2
518.,Szilvia Nagy,Hungary,,155,155,155,518.,2025,2
519.,Juhee Ko,"Korea, South",budludl,155,155,155,519.,2025,2
520.,Muhammad Mulki Abdul Azis,Indonesia,mulki554,155,155,155,520.,2025,2
#,Name,Country,Nick,Points,Points,Points,#,2025,2
521.,Andrew Lim,USA,,155,155,155,521.,2025,2
522.,Alexandra Nolte,USA,,155,155,155,522.,2025,2
523.,Isabel Herget,Germany,,155,155,155,523.,2025,2
524.,Seiu Tei,Japan,pleiades,155,155,155,524.,2025,2
525.,Christopher Chen,USA,cchen12,155,155,155,525.,2025,2
526.,Sara Andrasik,USA,Sara A,155,155,155,526.,2025,2
527.,Daniel Victor,India,DanAvi,155,155,155,527.,2025,2
528.,Sofia N,Sweden,sofiaisabella,154,154,154,528.,2025,2
529.,rossini gianluca,Italy,yuma67,153,153,153,529.,2025,2
530.,Fritz Anja,Germany,afritz,152,152,152,530.,2025,2
531.,Janet Zaina,Italy,jane54,151,151,151,531.,2025,2
532.,Matthew Ahn,USA,mahn,148,148,148,532.,2025,2
533.,Dorota Lach,Poland,Deooet,148,148,148,533.,2025,2
534.,Dimitrios-Ioannis Christomanos,Greece,dcchrist,148,148,148,534.,2025,2
535.,Weerawit Jindaram,Thailand,,146,146,146,535.,2025,2
536.,Brian Liu,USA,,145,145,145,536.,2025,2
537.,Marek Oja,Estonia,,143,143,143,537.,2025,2
538.,Ede Markos,Hungary,Pampa005,142,142,142,538.,2025,2
539.,(Rainy) Chiến Lê Minh,Vietnam,muaroivt1998,141,141,141,539.,2025,2
540.,Marina Kamohara,Japan,,140,140,140,540.,2025,2
#,Name,Country,Nick,Points,Points,Points,#,2025,2
541.,Yutaka Ishii,Japan,ko7ka,140,140,140,541.,2025,2
542.,Ewelina Antkowicz,Poland,Evi91,140,140,140,542.,2025,2
543.,Marek Gaspar,Slovakia,Marek G,139,139,139,543.,2025,2
544.,Yakov Zaidelman,Russia,,138,138,138,544.,2025,2
545.,Elise Harivel,France,EliseH,137,137,137,545.,2025,2
546.,Florian Meschenmoser,Germany,,137,137,137,546.,2025,2
547.,Αντώνης Λαλάτσας,Greece,term,137,137,137,547.,2025,2
548.,Nariman Fataliyev,Azerbaijan,Nariman1961,137,137,137,548.,2025,2
549.,Zbigniew Czubaj,Poland,,137,137,137,549.,2025,2
550.,Nehir Boz,Turkey,nehirboz,137,137,137,550.,2025,2
551.,Julien Bonneville,France,goodcity,137,137,137,551.,2025,2
552.,Hyunmo Kang,"Korea, South",zzdldl31,136,136,136,552.,2025,2
553.,ZRINKA KARAČIĆ,Croatia,,136,136,136,553.,2025,2
554.,Jana Zachova,Czech Rep.,jana70,136,136,136,554.,2025,2
555.,Zuzana Dortová,Czech Rep.,Nekra,135,135,135,555.,2025,2
556.,Ani Konomi,Japan,,135,135,135,556.,2025,2
557.,Sitanshu Sah,India,,135,135,135,557.,2025,2
558.,Sam Boden,UK,Sam Boden,135,135,135,558.,2025,2
559.,Terka K.,Czech Rep.,krytterka,135,135,135,559.,2025,2
560.,Robert Le Duc,UK,Cudeltrebor,135,135,135,560.,2025,2
#,Name,Country,Nick,Points,Points,Points,#,2025,2
561.,Wojciech Gryciuk,Poland,wgryciuk,135,135,135,561.,2025,2
562.,Katia D-C,Poland,katia,135,135,135,562.,2025,2
563.,João Paulo Velozo Oliveira Arantes,Brazil,musgley,135,135,135,563.,2025,2
564.,Zora Bělušová,Czech Rep.,striga,134,134,134,564.,2025,2
565.,jingzhi xie,China,mengxue,134,134,134,565.,2025,2
566.,Xin Wang,China,,134,134,134,566.,2025,2
567.,Félix Meyer,France,,134,134,134,567.,2025,2
568.,Virgi Puusepp,Estonia,Virgip,133,133,133,568.,2025,2
569.,Jan Fiala,Czech Rep.,,133,133,133,569.,2025,2
570.,Veronika Lengauer,Germany,garganegra,133,133,133,570.,2025,2
571.,Anna Marzec,Poland,Fertilianum,132,132,132,571.,2025,2
572.,Julia Hayward,UK,JuliaH,132,132,132,572.,2025,2
573.,The Ptro,USA,ThePtrocanfers,130,130,130,573.,2025,2
574.,Raweewat Wutichaiya,Thailand,raweewat23,130,130,130,574.,2025,2
575.,Maria Miró,Spain,,129,129,129,575.,2025,2
576.,Hasan Uyar,Turkey,,129,129,129,576.,2025,2
577.,Dror Perk,USA,RushBee93,129,129,129,577.,2025,2
578.,Madeleine Dertwinkel,Germany,,129,129,129,578.,2025,2
579.,Jouni Särkijärvi,Finland,peluri,129,129,129,579.,2025,2
580.,Lese Wesen,Germany,Lesewesen,127,127,127,580.,2025,2
#,Name,Country,Nick,Points,Points,Points,#,2025,2
581.,Claudia Müller,Germany,pin7guin,127,127,127,581.,2025,2
582.,Esther Naef,Switzerland,esther59,125,125,125,582.,2025,2
583.,Ned Kelly,Australia,NedKelly,121,121,121,583.,2025,2
584.,Sylvain Galland,Switzerland,,119,119,119,584.,2025,2
585.,TSUI LAN Chang,Taiwan,Len,119,119,119,585.,2025,2
586.,Jörg Schröder,Germany,zeilenspalter,118,118,118,586.,2025,2
587.,Joyce Rapaport,USA,,118,118,118,587.,2025,2
588.,Katarina Kovacova,Switzerland,KatkaK,118,118,118,588.,2025,2
589.,Vasileios Vlachos,Greece,pagosmios,118,118,118,589.,2025,2
590.,George Korenev,Moldova,JaoInvisible,118,118,118,590.,2025,2
591.,Sai Karthik Burra,India,carburra,118,118,118,591.,2025,2
592.,Emily Li,USA,,118,118,118,592.,2025,2
593.,Derek Allen,USA,derekallen7,118,118,118,593.,2025,2
594.,Petr Kuncar,Czech Rep.,goodevil,118,118,118,594.,2025,2
595.,Minoru Uyanagi,Japan,EEL733,118,118,118,595.,2025,2
596.,Tereza Sujová,Slovakia,TeS,117,117,117,596.,2025,2
597.,Ivana Sujova,Slovakia,,117,117,117,597.,2025,2
598.,Andrew Grigolunovich,Latvia,AGCFA,115,115,115,598.,2025,2
599.,Florian Leiser,Germany,MagicTurtl,115,115,115,599.,2025,2
600.,Denis Bisaro,Canada,Denis B,114,114,114,600.,2025,2
#,Name,Country,Nick,Points,Points,Points,#,2025,2
601.,Ivo Edel,Germany,Sandal2110,114,114,114,601.,2025,2
602.,Friedhelm Fricke,Germany,badfried,114,114,114,602.,2025,2
603.,François DUCAROUGE,France,Foifoi7,114,114,114,603.,2025,2
604.,Thamarai Valli Venkatachalam,UK,,112,112,112,604.,2025,2
605.,Věra Šramková,Czech Rep.,jolly,112,112,112,605.,2025,2
606.,Allar Padari,Estonia,allar,112,112,112,606.,2025,2
607.,Benedek Kovács,Hungary,,111,111,111,607.,2025,2
608.,Lehan Ling,Australia,Leling727,111,111,111,608.,2025,2
609.,Desiree Regine Go,Philippines,,110,110,110,609.,2025,2
610.,Aet Valge,Estonia,,110,110,110,610.,2025,2
611.,Danica Wald,Germany,,109,109,109,611.,2025,2
612.,Tigran Wadia,India,,109,109,109,612.,2025,2
613.,Maarja Mustimets,Estonia,,109,109,109,613.,2025,2
614.,Damian Sparky,Poland,Sparky,109,109,109,614.,2025,2
615.,Jan Farkas,Slovakia,slovak,108,108,108,615.,2025,2
616.,Linards Krūklis,Latvia,,108,108,108,616.,2025,2
617.,Gerda Nádor,Hungary,ingalili,108,108,108,617.,2025,2
618.,yun gao,USA,,107,107,107,618.,2025,2
619.,Ryszard Jabłoński,Poland,RochJ,107,107,107,619.,2025,2
620.,Veronique Pelassa,France,,107,107,107,620.,2025,2
#,Name,Country,Nick,Points,Points,Points,#,2025,2
621.,Marjo de Krijger,Netherlands,Roos,107,107,107,621.,2025,2
622.,Patrick Ethoin,France,paatttoou,107,107,107,622.,2025,2
623.,Arlene Navo,USA,Arlene,107,107,107,623.,2025,2
624.,Claudia Sala,Italy,evilove,107,107,107,624.,2025,2
625.,Mary Jordanides,Greece,,107,107,107,625.,2025,2
626.,Harry Buerer,USA,,107,107,107,626.,2025,2
627.,Yoichi Enta,Japan,enta,107,107,107,627.,2025,2
628.,吴昊臻 吴,China,wuhaozhen,107,107,107,628.,2025,2
629.,Elona Wallengren,Sweden,,107,107,107,629.,2025,2
630.,David Blackburn,UK,,107,107,107,630.,2025,2
631.,Beatrice Pige,France,,107,107,107,631.,2025,2
632.,Amalia Panagiotopoulou,Greece,,107,107,107,632.,2025,2
633.,David Price,UK,Pricesoft,107,107,107,633.,2025,2
634.,Dita Sošić,Croatia,,107,107,107,634.,2025,2
635.,LIONEL MAUROUARD,France,,107,107,107,635.,2025,2
636.,Simone Bentlage,Germany,,107,107,107,636.,2025,2
637.,Yasuto Kitazono,Japan,,107,107,107,637.,2025,2
638.,PERRIDY FRANCK,France,PELIKAN03,106,106,106,638.,2025,2
639.,Kei Ota,Japan,ten986,106,106,106,639.,2025,2
640.,Dana Crites,USA,,104,104,104,640.,2025,2
#,Name,Country,Nick,Points,Points,Points,#,2025,2
641.,Lyca Reyes,Philippines,,103,103,103,641.,2025,2
642.,Corrado Palumbo,Italy,DOIC,103,103,103,642.,2025,2
643.,Aoi Nakano,Japan,,102,102,102,643.,2025,2
644.,Schlapfer Reto,Switzerland,,97,97,97,644.,2025,2
645.,Tereza Matějková,Czech Rep.,tematka,95,95,95,645.,2025,2
646.,Mathilde Chanavat,France,CHANAVAT,92,92,92,646.,2025,2
647.,Roxana Diana Ilisei,Luxembourg,Roxana,92,92,92,647.,2025,2
648.,Toni Borozan,Croatia,borotoni736,92,92,92,648.,2025,2
649.,Akash G.,USA,AkashG23,92,92,92,649.,2025,2
650.,Lau Cheng Kai,Malaysia,,92,92,92,650.,2025,2
651.,Makoto Hayashi,Japan,,92,92,92,651.,2025,2
652.,Bob Crites,USA,,91,91,91,652.,2025,2
653.,Christopher Wåhlin,Sweden,Chrillee,91,91,91,653.,2025,2
654.,Dmytro Furayev,Ukraine,,91,91,91,654.,2025,2
655.,Carolyn Duke,Canada,Canuck,91,91,91,655.,2025,2
656.,Irene Oubrier,France,Ireneo,91,91,91,656.,2025,2
657.,Yaowei Lyu,China,Heltion,88,88,88,657.,2025,2
658.,Rita Agócs,Hungary,liortom,88,88,88,658.,2025,2
659.,Cassidy Gardner,USA,mrgardnerscience,88,88,88,659.,2025,2
660.,Katherine Norris,UK,,88,88,88,660.,2025,2
#,Name,Country,Nick,Points,Points,Points,#,2025,2
661.,Scott Vissers,USA,Squeak363,86,86,86,661.,2025,2
662.,Alexander Stepin,Russia,stepin,86,86,86,662.,2025,2
663.,Fanni Dorottya Nagy,Hungary,nfanni97,84,84,84,663.,2025,2
664.,parameswaran rajan,India,,84,84,84,664.,2025,2
665.,Klara Zarnoczay,Hungary,maci46,84,84,84,665.,2025,2
666.,Samuel Spaulding,USA,Peeko6817,84,84,84,666.,2025,2
667.,Yusuke Nakamura,Japan,yuponex,84,84,84,667.,2025,2
668.,Kamil Pozniak,Poland,,84,84,84,668.,2025,2
669.,Meral Albayrak,Turkey,,84,84,84,669.,2025,2
670.,Lex Kottmeyer,USA,kottm20a,84,84,84,670.,2025,2
671.,Kseniya Bernat,Belarus,,83,83,83,671.,2025,2
672.,Jaehyun Koo,"Korea, South",koosaga,81,81,81,672.,2025,2
673.,Beau La Mont,USA,ajarnbeau,81,81,81,673.,2025,2
674.,Wiktor Szadowiak,Poland,Shadoo,81,81,81,674.,2025,2
675.,George Marcus,Romania,PlayLikeNeverB4,81,81,81,675.,2025,2
676.,Jacinta Guerin,Australia,,81,81,81,676.,2025,2
677.,Alex Wallace,UK,alexwallace,81,81,81,677.,2025,2
678.,Ricardo Garcia,Spain,RickiFerrara,81,81,81,678.,2025,2
679.,jin ok Lee,"Korea, South",,81,81,81,679.,2025,2
680.,Mariola Kowalska,Poland,,81,81,81,680.,2025,2
#,Name,Country,Nick,Points,Points,Points,#,2025,2
681.,Marián Kráľ,Slovakia,Maronko,81,81,81,681.,2025,2
682.,Le Hasif Cathia,France,Frogs,81,81,81,682.,2025,2
683.,Annamalai Lakshman,India,Annalaksh,81,81,81,683.,2025,2
684.,Brian Hils,USA,,81,81,81,684.,2025,2
685.,guanxu yao,China,yaoguanxu,71,71,71,685.,2025,2
686.,Xiao Yuan,China,FFEE,70,70,70,686.,2025,2
687.,yichen BU,China,,70,70,70,687.,2025,2
688.,Khanh Van Ton Nu,Vietnam,beanna Vg,70,70,70,688.,2025,2
689.,Jaehyun Kim,"Korea, South",,70,70,70,689.,2025,2
690.,Risako Ms.,Japan,,70,70,70,690.,2025,2
691.,Levke Bentzien,Germany,isahB,70,70,70,691.,2025,2
692.,Juthamard Chittchang,Thailand,,70,70,70,692.,2025,2
693.,Fanni Balázs,Hungary,,70,70,70,693.,2025,2
694.,Zhang Jiashen,China,oldpigeon,70,70,70,694.,2025,2
695.,Sergey Odintsov,Poland,Sergey Odintsov,70,70,70,695.,2025,2
696.,Hanna Larsson,Sweden,5310Kasper,70,70,70,696.,2025,2
697.,培源 赵,China,Ryan Zhao,70,70,70,697.,2025,2
698.,shigetoshi okumura,Japan,okushige,70,70,70,698.,2025,2
699.,Julien Carbone,France,,70,70,70,699.,2025,2
700.,James Atwell,USA,j.atwell,70,70,70,700.,2025,2
#,Name,Country,Nick,Points,Points,Points,#,2025,2
701.,Kashish Lakhani,India,Kashishlak23,70,70,70,701.,2025,2
702.,Charles Martin Parulan,Philippines,Darkside,70,70,70,702.,2025,2
703.,Jacek Filarski,Poland,Filon,70,70,70,703.,2025,2
704.,Lidia Perovskaya,USA,Lperovskaya,70,70,70,704.,2025,2
705.,Ravot Sylvain,France,,69,69,69,705.,2025,2
706.,Gordon Lessells,Ireland,GSL,69,69,69,706.,2025,2
707.,Stipe Bratim,Croatia,,69,69,69,707.,2025,2
708.,Amy Milner Gould,USA,AMGChicago,69,69,69,708.,2025,2
709.,Brenda Troisi,USA,btroisi,67,67,67,709.,2025,2
710.,Kristel Arnik,Estonia,,65,65,65,710.,2025,2
711.,Tamsin Mayberry,UK,,65,65,65,711.,2025,2
712.,Kadri Kuusik,Estonia,Kadri,65,65,65,712.,2025,2
713.,Miroslav Beinhauer,Czech Rep.,felini,65,65,65,713.,2025,2
714.,Elena Ceccon,Italy,Ellen00,60,60,60,714.,2025,2
715.,DJ Leslie,USA,DreamLibrarian,60,60,60,715.,2025,2
716.,Garance Pontier,France,,60,60,60,716.,2025,2
717.,Phil Shea,USA,,60,60,60,717.,2025,2
718.,MACHIMURA TERUMI,Japan,,60,60,60,718.,2025,2
719.,Eerik Lumiste,Estonia,Eerik33,60,60,60,719.,2025,2
720.,dimitris tsatsaronis,Greece,mullich,60,60,60,720.,2025,2
#,Name,Country,Nick,Points,Points,Points,#,2025,2
721.,Mihai Danut,Romania,danut_mihai,58,58,58,721.,2025,2
722.,Phawit Putprasert,Thailand,phawit,58,58,58,722.,2025,2
723.,Carlos Joa,Dominican Republic,cjoa,58,58,58,723.,2025,2
724.,Lionel HUBER,France,,51,51,51,724.,2025,2
725.,R Rahman,Bangladesh,R M Rahman,49,49,49,725.,2025,2
726.,Altanzul Narmandakh,Mongolia,Altanzul,49,49,49,726.,2025,2
727.,Marta Mozara,Croatia,,49,49,49,727.,2025,2
728.,Stefanie König,Germany,Iffets44,48,48,48,728.,2025,2
729.,Randy Rogers,USA,Randiman,48,48,48,729.,2025,2
730.,Uldis Kleinbergs,Latvia,,48,48,48,730.,2025,2
731.,Nicholas Austen,Australia,Sniggle,47,47,47,731.,2025,2
732.,Jorge Robledo,Argentina,jaroble,47,47,47,732.,2025,2
733.,jerome BOULLEE,France,,47,47,47,733.,2025,2
734.,jiyeun lim,"Korea, South",,47,47,47,734.,2025,2
735.,Arthur Gershon,USA,merlinnimue,47,47,47,735.,2025,2
736.,kaoru shibata,Japan,pet,44,44,44,736.,2025,2
737.,Gordon Tansey,Australia,GordoNKosi,44,44,44,737.,2025,2
738.,Laura Biro,Hungary,biroloradora,44,44,44,738.,2025,2
739.,Shashank Tyagi,India,shashankrdmptn,44,44,44,739.,2025,2
740.,QUILHOT Stéphanie,France,Stéphanie the best,44,44,44,740.,2025,2
#,Name,Country,Nick,Points,Points,Points,#,2025,2
741.,Buffet Philippe,France,philos,44,44,44,741.,2025,2
742.,Tim McCaskey,USA,mightcould,44,44,44,742.,2025,2
743.,Jeongbin Hwang,"Korea, South",goldgarnet,44,44,44,743.,2025,2
744.,Marian Lukac,Slovakia,lucky137,44,44,44,744.,2025,2
745.,Webber Cheng,Taiwan,webber,44,44,44,745.,2025,2
746.,Sharath R,India,sharath,44,44,44,746.,2025,2
747.,Amy McKaveney,USA,mckaveney,44,44,44,747.,2025,2
748.,xiaoye huang,China,,44,44,44,748.,2025,2
749.,Ralph Melian,USA,Ralph,44,44,44,749.,2025,2
750.,Henry Wong,USA,jarsyl,44,44,44,750.,2025,2
751.,KAVITA JAGANNATHAN,India,upsetcorrection,44,44,44,751.,2025,2
752.,Mariel Angela Reyes,Philippines,Mariel Reyes,44,44,44,752.,2025,2
753.,Kamal Lohia,India,,44,44,44,753.,2025,2
754.,Angelina Baldus,Germany,Icebreak,44,44,44,754.,2025,2
755.,Lisette Mähar,Estonia,Lisette,44,44,44,755.,2025,2
756.,Gabeen Kim,"Korea, South",,44,44,44,756.,2025,2
757.,Gertrud Schied,Germany,PuzzleEumel,44,44,44,757.,2025,2
758.,Lars Kolkanen,Estonia,,44,44,44,758.,2025,2
759.,Wojciech Bukowicki,Poland,buko,44,44,44,759.,2025,2
760.,Pakkapong Sricharoen,Thailand,tinooo,44,44,44,760.,2025,2
#,Name,Country,Nick,Points,Points,Points,#,2025,2
761.,Jill Ho Tai,USA,Jill H,37,37,37,761.,2025,2
762.,Tamara Anderson,USA,Tamara,37,37,37,762.,2025,2
763.,Hannah Primavera,Philippines,primhj,26,26,26,763.,2025,2
764.,Lenka Schindlerová,Czech Rep.,,26,26,26,764.,2025,2
765.,Zanda Ro,Latvia,DeeDee,26,26,26,765.,2025,2
766.,Bojan Ilic,Serbia,BojanIlic,23,23,23,766.,2025,2
767.,Fred Geldon,USA,fgeldon,23,23,23,767.,2025,2
768.,Houcemeddine Turki,Tunisia,Csisc,23,23,23,768.,2025,2
769.,Karol Tavač,Slovakia,,23,23,23,769.,2025,2
770.,Mladen Bosnić,Croatia,,23,23,23,770.,2025,2
771.,Giuseppe De Camillis,Italy,giuseppe decamillis,23,23,23,771.,2025,2
772.,Sampath Chinthala,India,Sampath,23,23,23,772.,2025,2
773.,Ashley Graham-Brown,UK,,23,23,23,773.,2025,2
774.,Erdem BERBER,Turkey,kvsrdm6727,23,23,23,774.,2025,2
775.,Magdalena Wilczek,Poland,Wolfie,23,23,23,775.,2025,2
776.,Thijs Tops,Netherlands,legomannetje,23,23,23,776.,2025,2
777.,Ditthapol Songngam,Thailand,dinonatx,21,21,21,777.,2025,2
778.,Bricout Romain,France,Bethoth,21,21,21,778.,2025,2
779.,Christophe Quintard,France,kinkin86,21,21,21,779.,2025,2
780.,Vincent Allard,Canada,,21,21,21,780.,2025,2
#,Name,Country,Nick,Points,Points,Points,#,2025,2
781.,Bart Geraci,USA,BJGeraci,21,21,21,781.,2025,2
782.,Priyanka Jayakumar,India,jaya_priya,21,21,21,782.,2025,2
783.,Rattanawan Khattiyakul,Thailand,Rattanawan Khattiyakul,21,21,21,783.,2025,2
784.,Hannah Ceisler,USA,Scissors218,21,21,21,784.,2025,2
785.,Michał Wachnicki,Poland,kangur07,21,21,21,785.,2025,2
786.,Nivriti Jain,India,Nivriti16,21,21,21,786.,2025,2
787.,Wieke Bergers,Netherlands,,21,21,21,787.,2025,2
788.,Maria Koemtzi,Greece,makoe,21,21,21,788.,2025,2
789.,Jeff Baron,USA,jbaron,21,21,21,789.,2025,2
790.,胡家骏 胡,China,Leo113,21,21,21,790.,2025,2
791.,Agnieszka Mazurkiewicz,Poland,Aga_Mum,21,21,21,791.,2025,2
792.,Balázs Ababi,Romania,Bebe,21,21,21,792.,2025,2
793.,Diego Daza Diaz,USA,boolean,21,21,21,793.,2025,2
794.,Ales Zaloznik,Slovenia,Aleš,21,21,21,794.,2025,2
795.,Peter Glink,Australia,Peter Profundo,21,21,21,795.,2025,2
796.,Jarosław Skrzypczak,Poland,Jarko,21,21,21,796.,2025,2
797.,Zofia Śliwa,Poland,,21,21,21,797.,2025,2
#,Name,Country,Nick,Points,Points,Points,#,2025,2
